order_id,shipping_line,port_name,transit_duration_hours,order_status,order_date,quarantine_reason,container_id_hash
20,LINE_E,Dubai,-182.4,ARRIVED,2025-09-08 00:00:00,NEGATIVE_TRANSIT_DURATION,0ce2be7240608716f7b15e4ee6ff316961ebcb9925f42262023b2f707f491461
41,LINE_A,Shanghai,-12.0,ARRIVED,2024-04-14 00:00:00,NEGATIVE_TRANSIT_DURATION,48727fec5fea47465be76021da4bcd8a8261b29f7bfbdadeb711de47a8bdcf95
60,LINE_E,Rotterdam,-133.68,ARRIVED,2025-08-14 00:00:00,NEGATIVE_TRANSIT_DURATION,80092f34a1c9a1a1d24d5b54aa8d46a84658d957f633565e295d2395302eb067
95,LINE_E,Singapore,-166.08,ARRIVED,2025-10-17 00:00:00,NEGATIVE_TRANSIT_DURATION,6931731ddf0906c10394da40ec6ec0db29df7503195e90d8689150ab8bbc2033
113,LINE_C,Dubai,-300.48,ARRIVED,2025-05-26 00:00:00,NEGATIVE_TRANSIT_DURATION,49d7e485f7c187ba17bdea4cdb29f05c2ec2c487cc41bcc847978ce658655844
115,LINE_E,Dubai,-16.8,ARRIVED,2025-10-20 00:00:00,NEGATIVE_TRANSIT_DURATION,fc8d97cecd216dfa06132faaf48d841f1ab5dd180fbeca6e54a7d9aab34a2912
147,LINE_B,Busan,-322.8,ARRIVED,2025-06-25 00:00:00,NEGATIVE_TRANSIT_DURATION,52b4c59131a9c8b716ffd1514a16f2dc071358c96511ee3a556315ed44b01c09
194,LINE_D,Marseille,-349.92,ARRIVED,2025-05-12 00:00:00,NEGATIVE_TRANSIT_DURATION,fc84749cd033437f9e385e3e53ea1b6fe78b4f5fa8e995d5319afa1a7938e1c9
195,LINE_E,Dubai,-12.0,ARRIVED,2024-03-11 00:00:00,NEGATIVE_TRANSIT_DURATION,f03600803f79664d2441411b91db2278e987c438ff6625c5aa5d14b0efd5df65
210,LINE_E,Singapore,-12.0,ARRIVED,2024-07-24 00:00:00,NEGATIVE_TRANSIT_DURATION,a0349d08916c2af65fcdbcef471e38c134bd0f14a5a2b4f71b4c40ca3226ff45
229,LINE_D,Busan,-927.12,ARRIVED,2025-08-25 00:00:00,NEGATIVE_TRANSIT_DURATION,6ad14a651a702d060a77615a6d3e704e36a458eb2177bb15dc7ac0c873e2ab5f
260,LINE_E,Singapore,-12.0,ARRIVED,2024-12-28 00:00:00,NEGATIVE_TRANSIT_DURATION,74c5b96f764f089909a9baadb12d6cd6e72dfb04ef007d87c1cd6aaeb2e20cce
297,LINE_B,Rotterdam,-87.84,ARRIVED,2025-05-07 00:00:00,NEGATIVE_TRANSIT_DURATION,711da5bbf55e2cba5bf985d80091ccb181b9fd9443f2017f25f97674b325d70e
345,LINE_E,Marseille,-437.52,ARRIVED,2025-09-26 00:00:00,NEGATIVE_TRANSIT_DURATION,b3e4dfcf0639aa70b9cba64c3845778a0ab4b89cbce786211863fcc065011829
362,LINE_B,Busan,-318.72,ARRIVED,2025-10-22 00:00:00,NEGATIVE_TRANSIT_DURATION,73cc502ada762f09f553ef743a4ec77850ffe0f3e84acc451502a6876e12c77f
372,LINE_B,Los Angeles,-40.08,ARRIVED,2024-03-16 00:00:00,NEGATIVE_TRANSIT_DURATION,f5be064ff94e90964f3c9090227b804bffcd462436cc6649c567c5782545ae14
427,LINE_B,Rotterdam,-19.44,ARRIVED,2025-03-28 00:00:00,NEGATIVE_TRANSIT_DURATION,ab91fec28ed5966ce6b9cf516ae4afa176782e919dca22b10008a272357c986e
430,LINE_E,Antwerp,-40.08,ARRIVED,2025-03-13 00:00:00,NEGATIVE_TRANSIT_DURATION,74f26bc9c8c038158ac4a26f68d8e3a1144659fe7888b05234765b8c37f4273a
431,LINE_A,Busan,-33.6,ARRIVED,2025-07-28 00:00:00,NEGATIVE_TRANSIT_DURATION,b29d15f6d56c81c7030f4465af8e6a74f131084541a8652ee3f48d70b5b70155
452,LINE_B,Marseille,-313.68,ARRIVED,2024-09-12 00:00:00,NEGATIVE_TRANSIT_DURATION,19b011de60eeed5015c8de4c0bf72ec3fa577089dc9e7b95e1f9a30c0a256784
506,LINE_A,Rotterdam,-82.56,ARRIVED,2024-04-21 00:00:00,NEGATIVE_TRANSIT_DURATION,96f8ae09ce992e81691460c6d642da26c83842d637ceacbe078f2e10e3a2b63a
538,LINE_C,Hamburg,-1456.8,ARRIVED,2025-06-03 00:00:00,NEGATIVE_TRANSIT_DURATION,106c02cc7f120e5bf212b832b17958985fda5d01183a126185173b9c87640ab3
546,LINE_A,Rotterdam,-52.32,ARRIVED,2025-07-21 00:00:00,NEGATIVE_TRANSIT_DURATION,62f8c227fb41ebfbf82ff7cbd3ea469d9b302214f9ce8bf642661026fa347ee8
599,LINE_D,Dubai,-214.32,ARRIVED,2025-10-06 00:00:00,NEGATIVE_TRANSIT_DURATION,c7b21c6b3cc15aadca906e35abb311a1be2ae6f3b98b71a5357887c1fbac052a
669,LINE_D,Marseille,-196.8,ARRIVED,2024-12-04 00:00:00,NEGATIVE_TRANSIT_DURATION,763d0b5e399bb82ae46e1814aa0a4144f455c0fdc242b7c362aadcf3b1b3cf4f
673,LINE_C,Singapore,-12.0,ARRIVED,2024-03-04 00:00:00,NEGATIVE_TRANSIT_DURATION,71b847c5596a28ac8bc537643d9c9628d63299db0c2b7ac81160f7cc021fd7d4
699,LINE_D,Rotterdam,-178.56,ARRIVED,2024-12-10 00:00:00,NEGATIVE_TRANSIT_DURATION,efa014d23a40e5ab3e0a2533f897d1aa4fc2d43c2a9f3b9ad646b5ced103003a
716,LINE_A,Shanghai,-18.24,ARRIVED,2025-03-14 00:00:00,NEGATIVE_TRANSIT_DURATION,1e857587364767df270afb71748294c2ea9adcbc7861e5948a7b542ea3a9e1e5
746,LINE_A,Singapore,-455.04,ARRIVED,2024-01-21 00:00:00,NEGATIVE_TRANSIT_DURATION,dc8e145bc75cc023a54692435a5435994d1c0c7b6bf2583bcdadce0d27ec6d6b
748,LINE_C,Singapore,-2291.04,ARRIVED,2024-06-05 00:00:00,NEGATIVE_TRANSIT_DURATION,c88ec4111fb9b342a4ae1a87730d3219ac353320359a1bad21d1d388cd189731
776,LINE_A,Los Angeles,-74.16,ARRIVED,2025-08-29 00:00:00,NEGATIVE_TRANSIT_DURATION,617cce8a92fd5f257ef70eb602311fb47c3283d18c4bf408b71acddf155b8fe8
888,LINE_C,Los Angeles,-148.08,ARRIVED,2024-05-02 00:00:00,NEGATIVE_TRANSIT_DURATION,e2bfebc7626821a0ae759716aa1414786f5134fbd67f5b59bd099469c4ef52a1
917,LINE_B,Singapore,-185.04,ARRIVED,2024-05-09 00:00:00,NEGATIVE_TRANSIT_DURATION,5ed55971abe0880091b2fe2691db2b49fe7a197c1c884afa3372371106672768
960,LINE_E,Dubai,-307.2,ARRIVED,2025-03-15 00:00:00,NEGATIVE_TRANSIT_DURATION,fb2d5c3bbdb64487257873c05d2fd2369bd9195868b0a8b1514a6836ba29fc39
974,LINE_D,Singapore,-536.4,ARRIVED,2024-09-02 00:00:00,NEGATIVE_TRANSIT_DURATION,d681d473c39a4d41cc7d1712654ed86348a17489f541bacd4942f45d4bdf98c2
1137,LINE_B,Dubai,-4152.48,ARRIVED,2024-07-14 00:00:00,NEGATIVE_TRANSIT_DURATION,15d52523a18dee91d3bd6f85836db6bde37a4b5242f96d611f0bbade43378afa
1189,LINE_D,Los Angeles,-323.52,ARRIVED,2024-04-12 00:00:00,NEGATIVE_TRANSIT_DURATION,20023e72901859aced74c75fff1e124a1b4596e9fcdadfd068b8e2d6d682a9f5
1199,LINE_D,Los Angeles,-629.76,ARRIVED,2024-09-28 00:00:00,NEGATIVE_TRANSIT_DURATION,73241a87fe3c8caed371d7148138532f02383c1709b6ba70559786427dd1bbc0
1215,LINE_E,Shanghai,-1230.72,ARRIVED,2025-09-24 00:00:00,NEGATIVE_TRANSIT_DURATION,3688ec7ccc8323576e64fb8f7183ca7a4d7c3ad2110ab2af2153bb9472a41ae0
1219,LINE_D,Hamburg,-638.64,ARRIVED,2025-12-01 00:00:00,NEGATIVE_TRANSIT_DURATION,7d6e99cd01a5bf5c3f4680f68f0a4748e449b8726a765f9cc55c9fa460f53309
1222,LINE_B,Busan,-159.6,ARRIVED,2024-04-02 00:00:00,NEGATIVE_TRANSIT_DURATION,8700b0f4329f40c1b8f7ab0ff5903be31d46abf52fb87bc63058bbb0a2886b5d
1244,LINE_D,Dubai,-1404.48,ARRIVED,2025-08-02 00:00:00,NEGATIVE_TRANSIT_DURATION,0cfa4958d37ea18cf0a6ea4afd3bb70a677429d2f1c9e45ac3d675355e9384c9
1249,LINE_D,Dubai,-324.24,ARRIVED,2024-03-21 00:00:00,NEGATIVE_TRANSIT_DURATION,8491fe5c1cdaeb191df3f9da3d861a36bbc99c5d2cbd6fd99d925171df5c47f5
1257,LINE_B,Shanghai,-228.0,ARRIVED,2024-05-26 00:00:00,NEGATIVE_TRANSIT_DURATION,6f6394feff915e8893fc8525cc1a57bc5d52c5d046efa133280197a71c722e9a
1288,LINE_C,Shanghai,-819.12,ARRIVED,2025-08-08 00:00:00,NEGATIVE_TRANSIT_DURATION,6c1d58833d1d206efc8ee2388add166bbd16a8b5acc6f6ece4e2fa029815825a
1299,LINE_D,Busan,-506.16,ARRIVED,2025-08-02 00:00:00,NEGATIVE_TRANSIT_DURATION,8cb9aea91fdd9a719eb8f3ae3cfcee53be5f0443cce344a9deda7b0eff738357
1330,LINE_E,Los Angeles,-252.96,ARRIVED,2024-11-30 00:00:00,NEGATIVE_TRANSIT_DURATION,6b788e9bdb8092e49f350c746e392971d3d54795f8c76874cd49d39c493d65a3
1404,LINE_D,Dubai,-281.28,ARRIVED,2025-07-07 00:00:00,NEGATIVE_TRANSIT_DURATION,f689f7bd939e86a83a2ce1bbe077aba872c96c185eb98ee9b45d09a89ce93737
1417,LINE_B,Antwerp,-24.96,ARRIVED,2025-01-14 00:00:00,NEGATIVE_TRANSIT_DURATION,3a7b31b216656c5cffae5e0274403df32d3c71303880309dac3c070565bbac77
1447,LINE_B,Shanghai,-640.56,ARRIVED,2024-07-29 00:00:00,NEGATIVE_TRANSIT_DURATION,87f130cb097a55a9cecf8a7882d73109ebbd9c7397ae55b55b5cb7843300bc28
1560,LINE_E,Singapore,-59.76,ARRIVED,2024-04-08 00:00:00,NEGATIVE_TRANSIT_DURATION,90dcf0caa0446f147f87cb31676e3748a9e7f8106ae707e8e9dcc8311a33c7cf
1597,LINE_B,Rotterdam,-45.6,ARRIVED,2025-07-28 00:00:00,NEGATIVE_TRANSIT_DURATION,901610d42e5cab2373a40262fce4f1bd9e2d39e3bfba5c9b118d406df446119c
1604,LINE_D,Los Angeles,-125.76,ARRIVED,2025-09-15 00:00:00,NEGATIVE_TRANSIT_DURATION,11aa3a96412c54cff235c66ca08afa884c7e76338a9a0b847859eccf1138ead1
1669,LINE_D,Singapore,-20.16,ARRIVED,2024-02-16 00:00:00,NEGATIVE_TRANSIT_DURATION,f1166b6af516f88a460ea25796e9e8739d000ad507351d630de66b4d5bc9b162
1677,LINE_B,Antwerp,-119.28,ARRIVED,2024-08-04 00:00:00,NEGATIVE_TRANSIT_DURATION,db7d985608d754d305fe21f2284d6fc25b358905f304663f8f83dfa1b7c103a5
1691,LINE_A,Dubai,-495.36,ARRIVED,2024-08-23 00:00:00,NEGATIVE_TRANSIT_DURATION,722b5b409031b0f0ded52ff2291afee43c3c6c49d74d09831a9368fbe2b7bc61
1722,LINE_B,Rotterdam,-255.84,ARRIVED,2025-03-23 00:00:00,NEGATIVE_TRANSIT_DURATION,cf5423e4c60db9b6ef3a897475de5e34785fe68a9643855776c1077598653104
1724,LINE_D,Rotterdam,-43.44,ARRIVED,2024-09-06 00:00:00,NEGATIVE_TRANSIT_DURATION,48a709f2853a618da9e653202ca1d872f997ec13e4db88ca7c872358e5e8a2bf
1803,LINE_C,Antwerp,-200.88,ARRIVED,2025-04-05 00:00:00,NEGATIVE_TRANSIT_DURATION,957b045e2d44e75fae92f2d2ca7e5e5b90a554e135d59efeae9f767148c9f2fa
1824,LINE_D,Antwerp,-509.76,ARRIVED,2025-03-25 00:00:00,NEGATIVE_TRANSIT_DURATION,2f3f7034c04979ded338eee772f6214266c093fc05f25fc57ff63907112ff1cd
1834,LINE_D,Antwerp,-647.28,ARRIVED,2024-12-12 00:00:00,NEGATIVE_TRANSIT_DURATION,41f4103e8f1db73d742d246c0bcb4ac7b74aecc0b64ec11f4e85a10bd6c395c2
1845,LINE_E,Antwerp,-47.28,ARRIVED,2025-11-25 00:00:00,NEGATIVE_TRANSIT_DURATION,5eed44da17fcdf34a2f329be275d50a4cbfa5a8c6f68702cd05a46e0da122db7
1876,LINE_A,Marseille,-255.36,ARRIVED,2025-06-23 00:00:00,NEGATIVE_TRANSIT_DURATION,7b391e915f31d7c4103a54df03b9bb24146b1792a10c2f6da12a247c1ad48232
1888,LINE_C,Rotterdam,-12.0,ARRIVED,2024-12-15 00:00:00,NEGATIVE_TRANSIT_DURATION,7aa1d1a91b0f57436b70c33cc628f53745751adb31dfe32ec98e20b662baa68b
1929,LINE_D,Shanghai,-1393.2,ARRIVED,2025-01-11 00:00:00,NEGATIVE_TRANSIT_DURATION,ba5955c8b1c9aeeb43cc2ae2f6ba071f4226b74928281bc18b30a94707e23ee7
1970,LINE_E,Los Angeles,-46.8,ARRIVED,2025-01-17 00:00:00,NEGATIVE_TRANSIT_DURATION,62fcdf4ab18f27564086125ec4447cc15a9d93adfa5f8d1da7444a2fcc0f89dc
2007,LINE_B,Busan,-12.0,ARRIVED,2024-02-18 00:00:00,NEGATIVE_TRANSIT_DURATION,f81a49bcffde087ff4fceb141c30c566f8e13503442d6a9f75610ace437b4b28
2055,LINE_E,Los Angeles,-799.68,ARRIVED,2024-12-19 00:00:00,NEGATIVE_TRANSIT_DURATION,7e567123c9cdf5bb0349c8931a995d757a5b59e9608d54816de2514b7824f2b7
2100,LINE_E,Antwerp,-333.84,ARRIVED,2024-05-07 00:00:00,NEGATIVE_TRANSIT_DURATION,62de89c7afc14376f5aca27e2756a5d1f8ecb14468e93e1a2f9efe241c6a3fa4
2143,LINE_C,Shanghai,-459.84,ARRIVED,2024-02-28 00:00:00,NEGATIVE_TRANSIT_DURATION,a8f0b1473c4f25a6b6859cf54e32032ea4313e23ce67376f9fad9bbe2ca28336
2216,LINE_A,Shanghai,-23.52,ARRIVED,2025-07-17 00:00:00,NEGATIVE_TRANSIT_DURATION,1e38f64e8426a16dbfcbc16439d47bc4043826dbb79217cce3c373971d52e7cb
2244,LINE_D,Shanghai,-288.72,ARRIVED,2024-03-08 00:00:00,NEGATIVE_TRANSIT_DURATION,72621b28254542b4ab6572ca24e16b30ba105612cf8fdb00b0fccd50a812fad0
2296,LINE_A,Rotterdam,-22.8,ARRIVED,2025-10-18 00:00:00,NEGATIVE_TRANSIT_DURATION,7a6ffa51d723bc8875e39fc235df29f3af64a09103dd2e34c45169036f044be3
2305,LINE_E,Dubai,-374.64,ARRIVED,2024-12-11 00:00:00,NEGATIVE_TRANSIT_DURATION,62dfe2b3c6f78b1a01cf37dee4eb474f0a0d37eca0fa097a2da69c9c9e798407
2309,LINE_D,Busan,-12.0,ARRIVED,2024-03-24 00:00:00,NEGATIVE_TRANSIT_DURATION,f2c9592ea8c15328b5d84816b7a409458e50ed933366cddbaf97c75b4efb8c78
2314,LINE_D,Dubai,-566.64,ARRIVED,2025-10-28 00:00:00,NEGATIVE_TRANSIT_DURATION,a2bf47348f11e1c2054cc87160788615279519459de60f9abe6bba24c3622106
2337,LINE_B,Singapore,-85.92,ARRIVED,2025-03-26 00:00:00,NEGATIVE_TRANSIT_DURATION,416df464a527e56db745f2653b9d0ae1fb8ff34e34d265672ee41572e173eacf
2369,LINE_D,Los Angeles,-12.0,ARRIVED,2024-06-12 00:00:00,NEGATIVE_TRANSIT_DURATION,bcd187f6dafced951213c7d345d6da6fbc382ec67bc000c8f9b073e2df6d8265
2378,LINE_C,Busan,-1690.56,ARRIVED,2025-05-25 00:00:00,NEGATIVE_TRANSIT_DURATION,d50d9fe4262c9f3d34e288587bb8ce1f7a2a9647b16fff5f19e979fa45e29355
2394,LINE_D,Shanghai,-152.16,ARRIVED,2025-09-03 00:00:00,NEGATIVE_TRANSIT_DURATION,5a8a5e2c56166414cd6c2d96835b4a6f0be10fa0e3b3e813486f1e2633baa65f
2396,LINE_A,Hamburg,-397.44,ARRIVED,2025-11-19 00:00:00,NEGATIVE_TRANSIT_DURATION,43a7ec352a8e91f75430330b05d6e222ee058e24e108616ea8ea3e984619fd87
2434,LINE_D,Shanghai,-166.08,ARRIVED,2024-05-27 00:00:00,NEGATIVE_TRANSIT_DURATION,d8e4a080cebc36456fa4ff9849339f4151e8c05beb7631969a88a8318a994a15
2477,LINE_B,Antwerp,-47.52,ARRIVED,2024-11-11 00:00:00,NEGATIVE_TRANSIT_DURATION,5c5acc28c4a70dc1a752f0200bbe87374db30196f29709ada963dc009a7dea59
2505,LINE_E,Los Angeles,-207.6,ARRIVED,2025-03-27 00:00:00,NEGATIVE_TRANSIT_DURATION,8c635510014c2e77582922eb46bc5a374f17e20a084bda9095ffea6077d2019e
2525,LINE_E,Los Angeles,-1802.88,ARRIVED,2025-06-22 00:00:00,NEGATIVE_TRANSIT_DURATION,beb0b9cb5a8c0ea8860b4a66a8009e6786ae6003665fce2f063d20afc41c7d52
2528,LINE_C,Busan,-685.2,ARRIVED,2024-06-26 00:00:00,NEGATIVE_TRANSIT_DURATION,aaefd1518f49e22a95796c3933205b15eaf0ca46b3a2f2ec64648df3ec4eecb1
2589,LINE_D,Singapore,-57.36,ARRIVED,2024-09-05 00:00:00,NEGATIVE_TRANSIT_DURATION,284930608515f95cdc140e7462ea5e86da396371ae45de467a383157f08f0691
2595,LINE_E,Antwerp,-134.16,ARRIVED,2024-08-26 00:00:00,NEGATIVE_TRANSIT_DURATION,b9f33c3ca6a4dbb8171f4edbc272e2e59e3e23ac45cbe0d2e7343f87b26cca3d
2605,LINE_E,Antwerp,-16.8,ARRIVED,2025-07-17 00:00:00,NEGATIVE_TRANSIT_DURATION,664cb76cc5bd2bd7f96c735eba3fb3cd1ed0c9919aa8acda8c91f086259084a2
2608,LINE_C,Rotterdam,-150.96,ARRIVED,2025-10-30 00:00:00,NEGATIVE_TRANSIT_DURATION,fcbbcb811ad07075caed0cca83b3be1d9541a0914a6924cdacbe6bd19535c4af
2614,LINE_D,Marseille,-1335.36,ARRIVED,2024-11-24 00:00:00,NEGATIVE_TRANSIT_DURATION,21f6341a31f0ec68ed67026bc2716c2fb21c0568c8352252ad7cd423643488f5
2691,LINE_A,Hamburg,-256.56,ARRIVED,2025-10-31 00:00:00,NEGATIVE_TRANSIT_DURATION,18237713e131838aa09a7595edb632513a5e42931cd912e6a6750a4404fd8f62
2713,LINE_C,Marseille,-97.68,ARRIVED,2024-08-12 00:00:00,NEGATIVE_TRANSIT_DURATION,f2b05567550b3da41840be76cdf31c963b3fceb9fdd22f09192e7aa8b153c3f2
2725,LINE_E,Los Angeles,-434.88,ARRIVED,2025-11-11 00:00:00,NEGATIVE_TRANSIT_DURATION,ff02f04fc8dcecf411ecf8048c32cf6fd2840afcc7ac98d1f0cf1d2eb168ffac
2730,LINE_E,Singapore,-170.16,ARRIVED,2024-03-24 00:00:00,NEGATIVE_TRANSIT_DURATION,98123ab72bee90a19e5719eb536d2a42001bcfd0e28875aedd4d8784cf658a9c
2753,LINE_C,Rotterdam,-162.96,ARRIVED,2025-08-20 00:00:00,NEGATIVE_TRANSIT_DURATION,7e25838d13b71e50c9d94e438ad6e8aa7169384bce40f3c711b6e1662a8cf5c8
2760,LINE_E,Shanghai,-32.4,ARRIVED,2024-05-15 00:00:00,NEGATIVE_TRANSIT_DURATION,1c048fa89e054a9b1f3e915b0ec06546e8096b82091edbb80f0e79ceaed5baf6
2773,LINE_C,Dubai,-489.12,ARRIVED,2024-01-04 00:00:00,NEGATIVE_TRANSIT_DURATION,a368eab585985eeb9f0f82a5c7e8e2479d5500f6a611598eda01abdd391d0698
2785,LINE_E,Singapore,-1919.76,ARRIVED,2025-04-28 00:00:00,NEGATIVE_TRANSIT_DURATION,a69917a0b0a2de630e40410384e8e7d00eb5a5d86d7e50e8ff5a029bd1881b5a
2799,LINE_D,Antwerp,-244.08,ARRIVED,2024-03-23 00:00:00,NEGATIVE_TRANSIT_DURATION,30f4072ec9383a86b25feca9b67ce273f70598625adc9134103189b75ed22070
2807,LINE_B,Singapore,-251.76,ARRIVED,2024-07-01 00:00:00,NEGATIVE_TRANSIT_DURATION,dbdf586a8055f51702e9a1fbf3d1ce9554cc265173e190721088e1dccd419e83
2813,LINE_C,Los Angeles,-15.6,ARRIVED,2024-01-04 00:00:00,NEGATIVE_TRANSIT_DURATION,abc9687854b9a587cfd255af01f6429ac3ba9334217bf715a7eb70bd9421e1ff
2820,LINE_E,Shanghai,-140.64,ARRIVED,2025-06-28 00:00:00,NEGATIVE_TRANSIT_DURATION,0625fd36818c906b45c4cb1b42e20a4046bc3b5cf47addc819133f4be5eac2eb
2867,LINE_B,Busan,-125.28,ARRIVED,2025-11-07 00:00:00,NEGATIVE_TRANSIT_DURATION,1bfa5270812db692f229e474a62c9f2752da025b6e1c0cd57b36ae6e5c1f91f1
2869,LINE_D,Hamburg,-98.16,ARRIVED,2024-08-14 00:00:00,NEGATIVE_TRANSIT_DURATION,6c08dfbb019d0d0da2ec7252665ee119013a18a665681b2d4a3924e49b85a6d8
2880,LINE_E,Dubai,-25.92,ARRIVED,2025-07-23 00:00:00,NEGATIVE_TRANSIT_DURATION,67a54780fca5184701ec8d17aad1151936e82e6e6e7309449bedb6c2323061bf
2899,LINE_D,Rotterdam,-142.32,ARRIVED,2024-08-18 00:00:00,NEGATIVE_TRANSIT_DURATION,0b9f30cd25a7ae1f74f2b0203b2ed0b8ff6973a5b11dbfec5978ad37ef5c166f
2911,LINE_A,Marseille,-184.8,ARRIVED,2025-02-01 00:00:00,NEGATIVE_TRANSIT_DURATION,4a2a5def3d145112cd61c290e410b18faf00027e1c727872aed7213e03d1ff8e
2930,LINE_E,Los Angeles,-884.88,ARRIVED,2024-03-15 00:00:00,NEGATIVE_TRANSIT_DURATION,05c0b4fb1c871ac5a87ec9b97d8e7ad1a760cb232cda2ab07afd07e570911fd0
2932,LINE_B,Los Angeles,-215.04,ARRIVED,2025-08-24 00:00:00,NEGATIVE_TRANSIT_DURATION,7c38fcaf2a7c79c8b486e39b79b0881e36752389f8170c4692b61c1cfc540874
2939,LINE_D,Busan,-426.72,ARRIVED,2024-11-06 00:00:00,NEGATIVE_TRANSIT_DURATION,c654904edc9a84d552768091ddd6643a7d653d9abb00688f55227f42bd15d26b
2942,LINE_B,Los Angeles,-542.16,ARRIVED,2024-07-13 00:00:00,NEGATIVE_TRANSIT_DURATION,6458d56b4d707a0f5dcfa6a2954eedbe5ebf817305fc5d7dfc8b0a9b6d9b74f4
2952,LINE_B,Singapore,-122.16,ARRIVED,2025-07-19 00:00:00,NEGATIVE_TRANSIT_DURATION,0c64a189a549d138d5fd48d04e38ab1ea21c3038277a509c651f8e2ea8f4fd8e
3026,LINE_A,Busan,-144.24,ARRIVED,2025-06-01 00:00:00,NEGATIVE_TRANSIT_DURATION,7af3075c01857a5c3c66d2fea6d4b91a87e8611b6b51b2cb6df07e88232492a7
3086,LINE_A,Los Angeles,-637.92,ARRIVED,2024-02-27 00:00:00,NEGATIVE_TRANSIT_DURATION,904e4a37055165b1c0ff0d3eb2df3b1afdf3a057406ce02ebde7d8bce3df94f5
3104,LINE_D,Shanghai,-36.0,ARRIVED,2025-05-01 00:00:00,NEGATIVE_TRANSIT_DURATION,1814382294f37d8844c6a91a37a3b6d1ed4f1781384f592588b17c6cb93b3f44
3140,LINE_E,Dubai,-47.52,ARRIVED,2025-03-23 00:00:00,NEGATIVE_TRANSIT_DURATION,64af91449d6590ca1f1bbfe9bfa2382a03416a39cfd5aebdc9ea1b70629ca0ca
3181,LINE_A,Singapore,-81.36,ARRIVED,2024-04-03 00:00:00,NEGATIVE_TRANSIT_DURATION,2c1cd3719a310e177c167a1ef433c606ad7d354c9715ed1b0f2ee3526aeb20d2
3200,LINE_E,Rotterdam,-408.72,ARRIVED,2024-12-28 00:00:00,NEGATIVE_TRANSIT_DURATION,b129261a1c56af1e95c7a1473d0c8e4382e1b3a976fe02dc350574d1a97838ce
3203,LINE_C,Rotterdam,-202.8,ARRIVED,2025-09-03 00:00:00,NEGATIVE_TRANSIT_DURATION,fe28f90a347dbb94227f4eb6426cc51d18af40cd3ec61b7f5db80a343e519d1f
3221,LINE_A,Dubai,-2525.76,ARRIVED,2024-10-02 00:00:00,NEGATIVE_TRANSIT_DURATION,b2f571bb2179d9fc7f8c8244061aa770833907b2b2667ef3a8c551c2a5878550
3232,LINE_B,Marseille,-173.76,ARRIVED,2025-05-10 00:00:00,NEGATIVE_TRANSIT_DURATION,c6cdcc0fa6173629d99858b855470e7ea6738d661e9b8f80c7890a9168188474
3246,LINE_A,Dubai,-1056.96,ARRIVED,2024-01-07 00:00:00,NEGATIVE_TRANSIT_DURATION,7af5886868947f333b554b156d42444a33ff3a9eb00bf3d96cf77556cea8839c
3263,LINE_C,Dubai,-20.4,ARRIVED,2025-05-05 00:00:00,NEGATIVE_TRANSIT_DURATION,9566e2ded2840d4f4a8dd0bdbdf8a47bbbfd8429c271ea010f4c7637be168572
3266,LINE_A,Shanghai,-12.0,ARRIVED,2025-02-11 00:00:00,NEGATIVE_TRANSIT_DURATION,ef291a3f9c283b73357485792483a16153fb16d520e6fcf46b496b1ba657a97a
3283,LINE_C,Rotterdam,-465.6,ARRIVED,2025-07-12 00:00:00,NEGATIVE_TRANSIT_DURATION,95d5f027b3610c0965809861af9e836a6ef9874fa4525dac1dc10bbe2c8d0ae3
3284,LINE_D,Marseille,-281.28,ARRIVED,2024-07-03 00:00:00,NEGATIVE_TRANSIT_DURATION,044375f28c006d4a77f70f1e7f48bfb92dd2d02858274d69d621384ff0c27e73
3314,LINE_D,Rotterdam,-12.0,ARRIVED,2025-06-02 00:00:00,NEGATIVE_TRANSIT_DURATION,bea1bd3951e334537c4656672dee6b41dbf9ab85213e6452510b3796e52bf690
3334,LINE_D,Hamburg,-145.92,ARRIVED,2025-07-30 00:00:00,NEGATIVE_TRANSIT_DURATION,18293e4c2cc539a3948e1244af02bb7cbd293c07cd63492ca7a86fa066a1c90a
3360,LINE_E,Dubai,-170.16,ARRIVED,2025-05-27 00:00:00,NEGATIVE_TRANSIT_DURATION,c4972854887cda98766f06fb58631bb01e0a0801d6b5b29e657f9f617214aa7a
3402,LINE_B,Hamburg,-39.84,ARRIVED,2025-07-27 00:00:00,NEGATIVE_TRANSIT_DURATION,b4ac24244f5815f89946a1c9348e9264c68bf92a42fb4b8c9b6646e11155aabf
3435,LINE_E,Marseille,-1692.24,ARRIVED,2025-04-13 00:00:00,NEGATIVE_TRANSIT_DURATION,8487f557f7f47132b49ac6d2d135f1aff880d0bc414006059336c4572d0e9594
3461,LINE_A,Rotterdam,-193.44,ARRIVED,2024-05-17 00:00:00,NEGATIVE_TRANSIT_DURATION,ba81335c08102872db33054353e9b01c62891a3f2262fc56799f111ecd7280e3
3476,LINE_A,Antwerp,-2070.24,ARRIVED,2025-08-11 00:00:00,NEGATIVE_TRANSIT_DURATION,9cfe492d2ddbef0f63684a706b3459a1c6f98d371e9acc3096706c12325e8c62
3480,LINE_E,Busan,-281.28,ARRIVED,2025-05-13 00:00:00,NEGATIVE_TRANSIT_DURATION,9d866131b28c3d370daa57473aa592f55daa3fbb40cbd8ab13b92504bab8bb66
3482,LINE_B,Hamburg,-12.0,ARRIVED,2025-07-04 00:00:00,NEGATIVE_TRANSIT_DURATION,c47e311c0076ba2d30f4b0717a226adb5ad30080d3704c9b1d65a04c4775b0e5
3499,LINE_D,Marseille,-86.4,ARRIVED,2024-05-19 00:00:00,NEGATIVE_TRANSIT_DURATION,f8728ddbbf09522d3ded17b78c3313fb530c50e93adcc798cccc14a98a7b613e
3569,LINE_D,Busan,-691.92,ARRIVED,2024-12-25 00:00:00,NEGATIVE_TRANSIT_DURATION,34ea6f86b649dbf034c3a1613ba9141eccc51631f177c4be7effcdefe52f3a50
3607,LINE_B,Hamburg,-12.0,ARRIVED,2025-04-07 00:00:00,NEGATIVE_TRANSIT_DURATION,abfc691b5e446cd2561594810d93ca40ba0a94165a6f3b9127cda2177d2861ec
3617,LINE_B,Rotterdam,-417.6,ARRIVED,2025-05-14 00:00:00,NEGATIVE_TRANSIT_DURATION,d9c842a457795410c5f6925ffdb557be72ee89f3291e21cf9d9e7d644434cdfb
3619,LINE_D,Marseille,-712.32,ARRIVED,2025-08-18 00:00:00,NEGATIVE_TRANSIT_DURATION,19703ed402d7d8f2e59b4f0402ddfb6bfd4cd15c72eedd6458db5857916ee041
3628,LINE_C,Busan,-467.28,ARRIVED,2025-07-01 00:00:00,NEGATIVE_TRANSIT_DURATION,0225734addcbb22ca5570c1d7c260560e27c6889de825664161a7a446f5cada9
3635,LINE_E,Los Angeles,-89.52,ARRIVED,2024-11-26 00:00:00,NEGATIVE_TRANSIT_DURATION,d95b1ebb6899285fee49244774666bb635e56b36d280faaa11f3ee3ad367724c
3645,LINE_E,Singapore,-222.48,ARRIVED,2024-02-19 00:00:00,NEGATIVE_TRANSIT_DURATION,f8427672e4d4cfd4f708338128bb5e2d305ce0246e657593d5e34ff9f829e457
3654,LINE_D,Hamburg,-1106.64,ARRIVED,2025-04-12 00:00:00,NEGATIVE_TRANSIT_DURATION,1556e41d4b1f0c19d91edfebe1b9a71802b38c2bb093a25c3b84f8f08b16d20e
3656,LINE_A,Hamburg,-57.12,ARRIVED,2025-03-14 00:00:00,NEGATIVE_TRANSIT_DURATION,f65fbc28e852b0e956fceed37943bcb8eb0b79d4c997a65a52a9487c0176ef5d
3662,LINE_B,Dubai,-204.96,ARRIVED,2024-06-11 00:00:00,NEGATIVE_TRANSIT_DURATION,7f7f97cc1eb7936db21db86ad7b308f8bc9d3ee6cfc464093007778a9961e47a
3694,LINE_D,Hamburg,-192.72,ARRIVED,2024-01-10 00:00:00,NEGATIVE_TRANSIT_DURATION,eff8967b361b8f87feda9673f2caac4e3d3419eaf8f5a15ef1fd99a3b34ab0c4
3743,LINE_C,Marseille,-17.04,ARRIVED,2024-11-18 00:00:00,NEGATIVE_TRANSIT_DURATION,611e2e9c18a5f177922555a5edde65c01e9c61d2d30acb020296b6fee63c160d
3744,LINE_D,Hamburg,-531.36,ARRIVED,2024-05-23 00:00:00,NEGATIVE_TRANSIT_DURATION,d59b4dc29aa2743b65f5252448cd16eed9f899eaa0330dde2746ede56f9ba739
3757,LINE_B,Dubai,-64.56,ARRIVED,2025-11-05 00:00:00,NEGATIVE_TRANSIT_DURATION,aeb19f146c3e4947673d4f4c6002ac0b032dc9e92a4598039183f3c7362e32d7
3820,LINE_E,Dubai,-354.48,ARRIVED,2024-07-27 00:00:00,NEGATIVE_TRANSIT_DURATION,167723f3430e3d20dabec2efd98dc9bc6d358ae2f898b77111c9a64c46f9af02
3841,LINE_A,Singapore,-49.68,ARRIVED,2025-09-18 00:00:00,NEGATIVE_TRANSIT_DURATION,82a11b3e58376c8462faa39fabd75b94bb68412eb08f3950afc02c966112b960
3846,LINE_A,Dubai,-361.92,ARRIVED,2025-11-04 00:00:00,NEGATIVE_TRANSIT_DURATION,258caeaaa7056d703f9b13bf8bc5bb8a41cfe3907f96b7a4e8273d8a6f7296c8
3855,LINE_E,Antwerp,-249.6,ARRIVED,2025-05-23 00:00:00,NEGATIVE_TRANSIT_DURATION,5ce9216067cc089e8c03e7972f99bdcb4b98a8cf7500faf6ef526aa0f1009945
3869,LINE_D,Singapore,-1035.6,ARRIVED,2025-06-20 00:00:00,NEGATIVE_TRANSIT_DURATION,68a6ff2f23462f7c45ab55bff526ac0e36ce63af1a3f5822a04dbc7d5e17195f
3870,LINE_E,Singapore,-191.76,ARRIVED,2024-03-06 00:00:00,NEGATIVE_TRANSIT_DURATION,98732d2b696fb358d8366a66f086519c5345447f76fa48b67ce1e33eb5715050
3885,LINE_E,Rotterdam,-318.96,ARRIVED,2024-06-10 00:00:00,NEGATIVE_TRANSIT_DURATION,2005c4cba6a4cdeb27540e9a5c12a66bbe4e6fb51b7b38730fbdfc6b1f461a14
3928,LINE_C,Los Angeles,-224.4,ARRIVED,2024-11-14 00:00:00,NEGATIVE_TRANSIT_DURATION,1fb34325c211300bb48943f789de101b6b56ea210b2d96863e6ed96477b99eef
3958,LINE_C,Busan,-225.36,ARRIVED,2024-12-09 00:00:00,NEGATIVE_TRANSIT_DURATION,85d7b8cf68bca4ab68e93f44272c701b8f001957a617b4c23886424d0658ce62
